,precision,recall,f1-score,support
fantasia,0.9285714285714286,0.883495145631068,0.9054726368159204,103.0
inspiracion,0.9238095238095239,0.8508771929824561,0.8858447488584474,114.0
popular,0.908256880733945,0.9252336448598131,0.9166666666666666,107.0
tradicional,0.8725490196078431,0.9888888888888889,0.9270833333333334,90.0
accuracy,0.9082125603864735,0.9082125603864735,0.9082125603864735,0.9082125603864735
macro avg,0.9082967131806852,0.9121237180905566,0.908766846418592,414.0
weighted avg,0.9098310165709682,0.9082125603864735,0.9076589765585414,414.0
