,precision,recall,f1-score,support
fantasia,0.7213114754098361,0.88,0.7927927927927928,50.0
inspiracion,0.7659574468085106,0.72,0.7422680412371134,50.0
popular,0.9047619047619048,0.76,0.8260869565217391,50.0
tradicional,0.90625,0.90625,0.90625,32.0
accuracy,0.8076923076923077,0.8076923076923077,0.8076923076923077,0.8076923076923077
macro avg,0.8245702067450629,0.8165625000000001,0.8168494476379113,182.0
weighted avg,0.8164919854341349,0.8076923076923077,0.8080076347669354,182.0
