,precision,recall,f1-score,support
fantasia,0.6896551724137931,0.8,0.7407407407407407,50.0
inspiracion,0.7454545454545455,0.82,0.780952380952381,50.0
popular,0.7894736842105263,0.6,0.6818181818181818,50.0
tradicional,0.967741935483871,0.9375,0.9523809523809523,32.0
accuracy,0.7747252747252747,0.7747252747252747,0.7747252747252747,0.7747252747252747
macro avg,0.7980813343906841,0.789375,0.7889730639730639,182.0
weighted avg,0.7813017145023468,0.7747252747252747,0.7728118442404157,182.0
