,precision,recall,f1-score,support
fantasia,0.7213114754098361,0.88,0.7927927927927928,50.0
inspiracion,0.8085106382978723,0.76,0.7835051546391752,50.0
popular,0.9069767441860465,0.78,0.8387096774193549,50.0
tradicional,0.9354838709677419,0.90625,0.9206349206349206,32.0
accuracy,0.8241758241758241,0.8241758241758241,0.8241758241758241,0.8241758241758241
macro avg,0.8430706822153742,0.8315625,0.8339106363715608,182.0
weighted avg,0.8339309162948103,0.8241758241758241,0.8253335093565033,182.0
