,precision,recall,f1-score,support
fantasia,0.7777777777777778,0.84,0.8076923076923077,50.0
inspiracion,0.7580645161290323,0.94,0.8392857142857143,50.0
popular,0.918918918918919,0.68,0.7816091954022989,50.0
tradicional,0.9655172413793104,0.875,0.9180327868852459,32.0
accuracy,0.8296703296703297,0.8296703296703297,0.8296703296703297,0.8296703296703297
macro avg,0.8550696135512599,0.83375,0.8366550010663917,182.0
weighted avg,0.844146221788046,0.8296703296703297,0.8286066486227688,182.0
